userIdx,userId,userPwd,gender,name,birthday,email,phoneNumber,school,job,major,isBlocked,createdAt,updatedAt,isDeleted,level
6,Margaret,Margaret,F,Margaret,1987-10-27,3dm0qw@gmail.com,01079594345,nrkshn Univ,D,Y,,,,,3
7,Ida,Ida,F,Ida,1987-07-22,o8z28k@gmail.com,01073538557,lheknh Univ,S,Y,,,,,5
8,Alice,Alice,F,Alice,2010-03-16,0v3lhd@gmail.com,01097086769,evwzzv Univ,S,N,,,,,0
9,Bertha,Bertha,M,Bertha,2005-05-24,fcttyc@gmail.com,01082989419,bvdfgg Univ,S,Y,,,,,1
10,Sarah,Sarah,M,Sarah,1984-08-10,wngs89@gmail.com,01068904567,vgbuyr Univ,S,Y,,,,,2
11,Annie,Annie,F,Annie,2003-07-20,xl7tzq@gmail.com,01022978715,xisfch Univ,S,Y,,,,,2
12,Clara,Clara,M,Clara,1994-11-23,zvu1dy@gmail.com,01010653637,vllfzy Univ,S,Y,,,,,3
13,Ella,Ella,F,Ella,1996-03-27,kjp9dd@gmail.com,01064402762,ioikmi Univ,S,Y,,,,,4
14,Florence,Florence,F,Florence,1998-03-10,qs48i9@gmail.com,01085809967,lwppdn Univ,S,Y,,,,,5
15,Cora,Cora,M,Cora,2004-11-20,a4b4jv@gmail.com,01031478632,xgisfn Univ,N,Y,,,,,4
16,Martha,Martha,F,Martha,1996-03-17,p23jxv@gmail.com,01067904366,pfgaae Univ,D,N,,,,,5
17,Laura,Laura,M,Laura,2015-03-05,yamjea@gmail.com,01044542960,gthghs Univ,D,Y,,,,,2
18,Nellie,Nellie,F,Nellie,2004-08-06,5h6641@gmail.com,01011522952,iynvih Univ,D,N,,,,,5
19,Grace,Grace,M,Grace,1995-12-14,2piwea@gmail.com,01095745635,bnwnmv Univ,D,N,,,,,0
20,Carrie,Carrie,M,Carrie,1971-03-01,23vpq0@gmail.com,01017789277,jhsmpc Univ,S,N,,,,,3
21,Maude,Maude,M,Maude,1982-05-29,n0qlux@gmail.com,01029135699,anjmuk Univ,S,Y,,,,,1
22,Mabel,Mabel,F,Mabel,2019-12-05,dam11m@gmail.com,01096269269,gjlcog Univ,D,Y,,,,,1
23,Bessie,Bessie,F,Bessie,1964-08-29,nq4ukl@gmail.com,01078764586,obocxs Univ,N,Y,,,,,1
24,Jennie,Jennie,M,Jennie,1961-12-07,p7tb62@gmail.com,01086354210,ryiyha Univ,S,Y,,,,,2
25,Gertrude,Gertrude,M,Gertrude,2016-05-16,00vqs2@gmail.com,01060355969,iatmjg Univ,S,N,,,,,5
26,Julia,Julia,F,Julia,1966-06-01,hsgn8l@gmail.com,01011079749,saixee Univ,D,Y,,,,,4
27,Hattie,Hattie,M,Hattie,2013-12-30,7a4eh7@gmail.com,01097054073,gegsul Univ,N,Y,,,,,5
28,Edith,Edith,M,Edith,1977-03-07,gzfn5w@gmail.com,01038218319,deilly Univ,S,Y,,,,,0
29,Mattie,Mattie,M,Mattie,1984-11-02,cekkay@gmail.com,01047329008,iedaiv Univ,D,N,,,,,4
30,Rose,Rose,M,Rose,1977-09-03,eq2xa5@gmail.com,01054438823,vxrvzz Univ,S,Y,,,,,3
31,Catherine,Catherine,F,Catherine,2010-08-08,cgg343@gmail.com,01063672368,gdeywf Univ,N,N,,,,,1
32,Lillian,Lillian,F,Lillian,1974-12-07,avzbum@gmail.com,01050409046,xoeqwo Univ,N,Y,,,,,3
33,Ada,Ada,F,Ada,2001-04-09,cyrbm4@gmail.com,01031053950,jxlssh Univ,D,N,,,,,0
34,Lillie,Lillie,F,Lillie,1971-12-10,hy05q2@gmail.com,01034561212,ipdiwk Univ,S,Y,,,,,0
35,Helen,Helen,M,Helen,1999-05-17,svntxq@gmail.com,01043813278,mxeydk Univ,D,Y,,,,,3
36,Jessie,Jessie,F,Jessie,2015-11-05,5ovrkr@gmail.com,01038702781,wyxeym Univ,N,Y,,,,,2
37,Louise,Louise,F,Louise,1969-01-26,zbrmhd@gmail.com,01043793992,wfoorq Univ,S,N,,,,,5
38,Ethel,Ethel,F,Ethel,2018-04-25,t0yj5r@gmail.com,01049490519,hnxvsh Univ,S,N,,,,,0
39,Lula,Lula,F,Lula,1991-09-06,zu7vu5@gmail.com,01046395173,nricbz Univ,N,Y,,,,,0
40,Myrtle,Myrtle,M,Myrtle,1966-08-08,ubdkq6@gmail.com,01032175258,haepjk Univ,D,N,,,,,5
41,Eva,Eva,F,Eva,2006-05-26,9vmrb6@gmail.com,01079907692,qjnxmo Univ,D,Y,,,,,5
42,Frances,Frances,F,Frances,1963-09-22,whuuce@gmail.com,01072831170,enjulv Univ,D,N,,,,,3
43,Lena,Lena,M,Lena,2009-02-10,4qcv97@gmail.com,01069429164,tvzfyu Univ,D,N,,,,,5
44,Lucy,Lucy,M,Lucy,1978-02-28,fhpil0@gmail.com,01027018328,swdnfu Univ,D,N,,,,,1
45,Edna,Edna,M,Edna,1986-04-01,cx4jxh@gmail.com,01018050328,nnbcqo Univ,D,N,,,,,4
46,Maggie,Maggie,F,Maggie,1963-09-05,m35l8s@gmail.com,01059119616,jroxps Univ,S,Y,,,,,1
47,Pearl,Pearl,M,Pearl,1971-10-10,kldu6r@gmail.com,01062107149,oeianb Univ,N,Y,,,,,0
48,Daisy,Daisy,M,Daisy,2012-10-04,88hxvc@gmail.com,01034548009,inlcvz Univ,S,N,,,,,4
49,Fannie,Fannie,F,Fannie,1968-04-04,g1kq84@gmail.com,01083096684,ovibvr Univ,N,N,,,,,1
50,Josephine,Josephine,F,Josephine,1981-06-24,87t3tp@gmail.com,01054248086,etajcc Univ,D,Y,,,,,1
51,Dora,Dora,M,Dora,1972-02-27,tg6da6@gmail.com,01048616485,ccixjd Univ,S,Y,,,,,0
52,Rosa,Rosa,M,Rosa,2010-09-06,fio7zg@gmail.com,01016749544,cppqcy Univ,N,Y,,,,,3
53,Katherine,Katherine,M,Katherine,1982-06-25,51s35f@gmail.com,01073271595,epzduy Univ,S,Y,,,,,5
54,Agnes,Agnes,F,Agnes,2016-08-05,bjxed8@gmail.com,01059309253,ioemor Univ,D,Y,,,,,1
55,Marie,Marie,M,Marie,1968-04-30,51vum2@gmail.com,01063602680,aaywgj Univ,D,Y,,,,,2
56,Nora,Nora,F,Nora,1989-04-13,fd1kq4@gmail.com,01080075855,mabzna Univ,S,N,,,,,0
57,May,May,F,May,1981-01-12,m3f1mx@gmail.com,01078097473,cyteqb Univ,N,N,,,,,1
58,Mamie,Mamie,F,Mamie,1963-05-12,kyclqj@gmail.com,01024601491,ogjngh Univ,N,N,,,,,2
59,Blanche,Blanche,F,Blanche,1979-08-16,1cgzfj@gmail.com,01018529833,mnxush Univ,N,Y,,,,,4
60,Stella,Stella,F,Stella,1986-03-17,es23v6@gmail.com,01028149201,padogz Univ,D,Y,,,,,1
61,Ellen,Ellen,M,Ellen,1984-05-31,06pph6@gmail.com,01021047755,evfvuh Univ,N,Y,,,,,5
62,Nancy,Nancy,M,Nancy,1992-09-28,fx1v0r@gmail.com,01036330018,vfkugw Univ,S,N,,,,,4
63,Effie,Effie,M,Effie,2019-05-22,ccbwfz@gmail.com,01031133941,prbgwi Univ,N,Y,,,,,0
64,Sallie,Sallie,F,Sallie,1962-03-30,m9siv3@gmail.com,01056260466,lvjbin Univ,N,Y,,,,,2
65,Nettie,Nettie,F,Nettie,1990-02-25,q7zqll@gmail.com,01034199993,jqjghs Univ,N,Y,,,,,0
66,Della,Della,M,Della,1969-01-16,ba1d88@gmail.com,01074963426,liihrx Univ,N,Y,,,,,4
67,Lizzie,Lizzie,F,Lizzie,2001-09-03,xvfodd@gmail.com,01088121179,uxhwkw Univ,N,N,,,,,4
68,Flora,Flora,M,Flora,1990-02-25,q4e170@gmail.com,01028087818,lcflqe Univ,S,N,,,,,0
69,Susie,Susie,M,Susie,2001-08-15,jcpa9r@gmail.com,01053436331,bitrom Univ,N,N,,,,,2
70,Maud,Maud,F,Maud,1977-01-02,ajlhly@gmail.com,01087805541,inqhhg Univ,S,N,,,,,2
71,Mae,Mae,F,Mae,1967-11-03,odyf8k@gmail.com,01057074437,mcoonb Univ,N,N,,,,,4
72,Etta,Etta,F,Etta,1987-05-22,bnsm77@gmail.com,01018315575,etrfqh Univ,S,Y,,,,,2
73,Harriet,Harriet,F,Harriet,1982-09-14,p27aym@gmail.com,01016856911,ljqwrq Univ,S,Y,,,,,1
74,Sadie,Sadie,M,Sadie,1968-07-01,8jmj72@gmail.com,01037586444,txjoxw Univ,D,Y,,,,,5
75,Caroline,Caroline,M,Caroline,1972-03-21,q7d4gu@gmail.com,01039804399,oakgvl Univ,N,Y,,,,,2
76,Katie,Katie,F,Katie,2004-07-25,5l6rdr@gmail.com,01073096425,slheai Univ,S,N,,,,,3
77,Lydia,Lydia,M,Lydia,1974-07-23,cqr3bk@gmail.com,01098568153,rtavbs Univ,D,Y,,,,,4
78,Elsie,Elsie,M,Elsie,1984-05-02,6zffpq@gmail.com,01095445134,jynpcd Univ,D,Y,,,,,2
79,Kate,Kate,M,Kate,2004-08-19,ulozxe@gmail.com,01089194765,uecrsc Univ,D,N,,,,,4
80,Susan,Susan,M,Susan,2007-05-27,27qdic@gmail.com,01010028389,volqlb Univ,D,N,,,,,2
81,Mollie,Mollie,F,Mollie,1970-05-12,1tvyne@gmail.com,01017725788,btlitc Univ,D,Y,,,,,4
82,Alma,Alma,M,Alma,2016-06-19,c24sut@gmail.com,01079009756,kbtwhq Univ,N,Y,,,,,1
83,Addie,Addie,F,Addie,1981-11-28,5sjhoa@gmail.com,01072719494,jtevow Univ,S,N,,,,,3
84,Georgia,Georgia,M,Georgia,1960-04-05,ers87f@gmail.com,01020144043,qcuesp Univ,S,Y,,,,,0
85,Eliza,Eliza,F,Eliza,2016-09-15,f9hhe7@gmail.com,01041868923,qntprv Univ,S,N,,,,,3
86,Lulu,Lulu,F,Lulu,1964-07-10,vhu0bj@gmail.com,01063187233,fmbpcg Univ,S,Y,,,,,3
87,Nannie,Nannie,M,Nannie,1999-03-16,v5kcro@gmail.com,01072357015,sosfro Univ,N,N,,,,,0
88,Lottie,Lottie,F,Lottie,2007-09-25,ut3ick@gmail.com,01054739018,zsnhig Univ,D,N,,,,,5
89,Amanda,Amanda,M,Amanda,2001-11-26,xrpo4r@gmail.com,01074111061,dsuvsx Univ,N,N,,,,,2
90,Belle,Belle,F,Belle,2015-07-17,eqw321@gmail.com,01041135616,gjsulr Univ,S,Y,,,,,0
91,Charlotte,Charlotte,M,Charlotte,1995-12-15,snqvqk@gmail.com,01071462173,cvqfep Univ,S,N,,,,,1
92,Rebecca,Rebecca,F,Rebecca,1977-07-24,cuizyx@gmail.com,01029516636,lkijeg Univ,S,Y,,,,,3
93,Ruth,Ruth,M,Ruth,1978-10-07,ames5j@gmail.com,01085526304,wgmsnv Univ,N,Y,,,,,1
94,Viola,Viola,M,Viola,2013-10-07,3k9i35@gmail.com,01012476463,agqpjj Univ,N,N,,,,,0
95,Olive,Olive,F,Olive,1977-05-16,7v4fuw@gmail.com,01069195309,klnwhh Univ,D,N,,,,,5
96,Amelia,Amelia,M,Amelia,1994-02-26,os9qzp@gmail.com,01034226175,pzpmww Univ,S,N,,,,,5
97,Hannah,Hannah,F,Hannah,2004-09-29,0hqvys@gmail.com,01047250072,hatfbd Univ,N,N,,,,,2
98,Jane,Jane,M,Jane,1961-09-13,3bu1e8@gmail.com,01028738344,jtfkgi Univ,N,N,,,,,4
99,Virginia,Virginia,F,Virginia,1990-10-02,g5j8yg@gmail.com,01018310314,zwcdvy Univ,N,Y,,,,,0
100,Emily,Emily,F,Emily,1995-10-24,ioasam@gmail.com,01044739228,binfsc Univ,N,N,,,,,5
101,Matilda,Matilda,F,Matilda,1966-10-22,21g5z7@gmail.com,01080597516,gwdduq Univ,N,N,,,,,3
102,Irene,Irene,F,Irene,1960-11-02,7qcveo@gmail.com,01031269112,ijvpfn Univ,D,Y,,,,,4
103,Kathryn,Kathryn,F,Kathryn,1991-06-14,2i24eq@gmail.com,01010893196,qjgkal Univ,S,Y,,,,,1
104,Esther,Esther,F,Esther,2017-04-14,dmiycv@gmail.com,01028955629,jhrbef Univ,S,N,,,,,0
105,Willie,Willie,M,Willie,1990-05-12,6qbx24@gmail.com,01085228638,redzuu Univ,D,N,,,,,3
106,Henrietta,Henrietta,M,Henrietta,1994-07-06,qsovrg@gmail.com,01049488374,xrowhj Univ,N,Y,,,,,0
107,Ollie,Ollie,M,Ollie,1973-03-06,0ptfpb@gmail.com,01071213121,rlwjtk Univ,D,N,,,,,2
108,Amy,Amy,M,Amy,1971-01-12,8xfuec@gmail.com,01069084013,jmjltw Univ,N,Y,,,,,3
109,Rachel,Rachel,M,Rachel,1984-08-17,2cyyrq@gmail.com,01089806296,vwugty Univ,N,N,,,,,4
110,Sara,Sara,M,Sara,2004-01-03,svd45p@gmail.com,01077904315,xvfpwf Univ,D,N,,,,,5
111,Estella,Estella,M,Estella,2001-02-18,sgee0m@gmail.com,01030792329,xuyikt Univ,D,N,,,,,1
112,Theresa,Theresa,F,Theresa,1961-02-28,mvbd4p@gmail.com,01058815059,bjrgpk Univ,S,N,,,,,4
113,Augusta,Augusta,M,Augusta,2016-10-06,8lasss@gmail.com,01016918439,xzyxoy Univ,S,N,,,,,3
114,Ora,Ora,M,Ora,1998-11-20,5hpij4@gmail.com,01044481487,qvjoug Univ,S,N,,,,,4
115,Pauline,Pauline,M,Pauline,1980-09-07,bly0oo@gmail.com,01097866171,cslajd Univ,N,Y,,,,,4
116,Josie,Josie,M,Josie,2019-04-22,rbeadn@gmail.com,01077886935,vtrgku Univ,D,N,,,,,1
117,Lola,Lola,M,Lola,1981-06-01,pecsu3@gmail.com,01039223092,voavos Univ,N,N,,,,,0
118,Sophia,Sophia,M,Sophia,2006-12-31,lub3a5@gmail.com,01077996792,goyavp Univ,N,Y,,,,,0
119,Leona,Leona,M,Leona,1963-07-02,52r3c8@gmail.com,01024900595,slutlt Univ,S,N,,,,,1
120,Anne,Anne,M,Anne,2015-12-24,godvkr@gmail.com,01073925905,xaqpkc Univ,D,N,,,,,5
121,Mildred,Mildred,M,Mildred,1990-04-21,27yvxd@gmail.com,01010564014,chtbyr Univ,D,N,,,,,5
122,Ann,Ann,F,Ann,2018-08-29,b6qu95@gmail.com,01045561136,ikxtvx Univ,N,N,,,,,0
123,Beulah,Beulah,M,Beulah,1987-06-29,7bhst4@gmail.com,01053316677,klpnpj Univ,D,N,,,,,1
124,Callie,Callie,F,Callie,2019-09-09,4orxs6@gmail.com,01082861296,xeqsor Univ,D,Y,,,,,1
125,Lou,Lou,M,Lou,2012-03-30,ooit5b@gmail.com,01015171302,kodmao Univ,S,Y,,,,,4
126,Delia,Delia,M,Delia,1974-08-26,raqbk0@gmail.com,01067054591,yarftd Univ,D,Y,,,,,5
127,Eleanor,Eleanor,F,Eleanor,1997-12-02,8xwyns@gmail.com,01049550730,ymagix Univ,D,N,,,,,2
128,Barbara,Barbara,F,Barbara,1984-10-09,albp6u@gmail.com,01049465973,zwpuug Univ,N,Y,,,,,0
129,Iva,Iva,F,Iva,1977-08-29,edgmru@gmail.com,01028036463,wpwjmr Univ,S,N,,,,,3
130,Louisa,Louisa,F,Louisa,2000-05-19,j9is9q@gmail.com,01074050796,soaeoz Univ,N,Y,,,,,3
131,Maria,Maria,M,Maria,1968-04-15,oadgqu@gmail.com,01093355387,egnwrg Univ,N,Y,,,,,0
132,Mayme,Mayme,M,Mayme,1976-06-09,bpnbc3@gmail.com,01046844053,uskbla Univ,D,N,,,,,1
133,Evelyn,Evelyn,F,Evelyn,1999-06-05,l12fqj@gmail.com,01057694731,assqwf Univ,S,N,,,,,4
134,Estelle,Estelle,M,Estelle,2001-10-23,94wkal@gmail.com,01088760282,lxgonz Univ,D,Y,,,,,3
135,Nina,Nina,M,Nina,1974-05-01,0h8hca@gmail.com,01099884645,pastbu Univ,D,Y,,,,,3
136,Betty,Betty,M,Betty,1981-09-09,p0mdae@gmail.com,01040077157,laebrw Univ,D,N,,,,,1
137,Marion,Marion,F,Marion,2006-11-12,6l66hm@gmail.com,01018138245,panavj Univ,N,N,,,,,1
138,Bettie,Bettie,M,Bettie,1993-09-29,j7djhz@gmail.com,01074558129,bewvoc Univ,D,Y,,,,,3
139,Dorothy,Dorothy,F,Dorothy,1980-02-20,atfx2x@gmail.com,01071249895,lakfkg Univ,S,N,,,,,5
140,Luella,Luella,F,Luella,1981-03-30,k65xwj@gmail.com,01055357584,jhdyam Univ,D,N,,,,,1
141,Inez,Inez,F,Inez,1981-03-21,1yq78z@gmail.com,01032734807,jwozzj Univ,D,N,,,,,0
142,Lela,Lela,F,Lela,1977-11-08,sirqe6@gmail.com,01065274059,srqbbv Univ,S,Y,,,,,2
143,Rosie,Rosie,F,Rosie,1967-02-04,weigdm@gmail.com,01092466642,ekeqmb Univ,D,Y,,,,,4
144,Allie,Allie,F,Allie,2007-12-22,6xrymu@gmail.com,01048348439,alqlsp Univ,S,Y,,,,,5
145,Millie,Millie,F,Millie,1983-01-05,df3gg1@gmail.com,01083154683,lxibzi Univ,D,Y,,,,,3
146,Janie,Janie,M,Janie,1966-04-02,wf9vk0@gmail.com,01087627748,bavlmm Univ,N,N,,,,,0
147,Cornelia,Cornelia,M,Cornelia,1965-05-05,3yohwe@gmail.com,01086441323,kkvwfq Univ,D,N,,,,,3
148,Victoria,Victoria,M,Victoria,2004-11-21,a7jdfq@gmail.com,01075691423,cvmqpv Univ,S,N,,,,,3
149,Ruby,Ruby,F,Ruby,2018-06-26,ixdr7z@gmail.com,01057411851,ziyzmk Univ,D,Y,,,,,5
150,Winifred,Winifred,F,Winifred,2014-01-27,h0mti1@gmail.com,01033236623,vffbfj Univ,S,N,,,,,1
151,Alta,Alta,M,Alta,1961-01-08,ri3pha@gmail.com,01085749443,jrsntc Univ,S,Y,,,,,0
152,Celia,Celia,F,Celia,1978-09-24,2zuwlg@gmail.com,01090488474,qcwlpl Univ,D,N,,,,,4
153,Christine,Christine,M,Christine,1978-02-10,ie5rdj@gmail.com,01074980432,cixrua Univ,S,N,,,,,3
154,Beatrice,Beatrice,M,Beatrice,1976-10-28,6iai9p@gmail.com,01050149762,lslbqq Univ,S,N,,,,,3
155,Birdie,Birdie,F,Birdie,1975-01-10,99vzln@gmail.com,01041422576,liwtqp Univ,S,Y,,,,,5
156,Harriett,Harriett,F,Harriett,1999-11-19,dhctu7@gmail.com,01084197744,avsbhg Univ,S,N,,,,,3
157,Mable,Mable,F,Mable,2016-10-09,6mkh8m@gmail.com,01037053451,ydufig Univ,N,N,,,,,0
158,Myra,Myra,M,Myra,2010-02-11,2oorco@gmail.com,01091096783,fyrprl Univ,D,Y,,,,,0
159,Sophie,Sophie,F,Sophie,1968-01-01,isin80@gmail.com,01083693749,emezwk Univ,N,Y,,,,,3
160,Tillie,Tillie,M,Tillie,2002-07-18,x34r2t@gmail.com,01098829773,vyczxb Univ,D,Y,,,,,0
161,Isabel,Isabel,F,Isabel,1962-11-17,1jxsq8@gmail.com,01039254069,befxrg Univ,N,Y,,,,,4
162,Sylvia,Sylvia,M,Sylvia,1979-05-07,5yqv8a@gmail.com,01022863579,dnaftp Univ,N,N,,,,,2
163,Carolyn,Carolyn,F,Carolyn,1984-02-09,g9rjbq@gmail.com,01085607289,cjrooy Univ,S,N,,,,,0
164,Isabelle,Isabelle,F,Isabelle,1998-10-04,puhq1r@gmail.com,01070542963,brhkty Univ,D,N,,,,,0
165,Leila,Leila,F,Leila,2003-01-04,9koiy6@gmail.com,01043791209,mmlsde Univ,D,Y,,,,,1
166,Sally,Sally,F,Sally,2013-05-09,lr631v@gmail.com,01078105361,mbtulu Univ,N,N,,,,,3
167,Ina,Ina,F,Ina,1964-06-20,lih58i@gmail.com,01067537847,gtmcsy Univ,S,N,,,,,2
168,Essie,Essie,F,Essie,1971-02-04,tmdlod@gmail.com,01041499843,xecqyy Univ,D,Y,,,,,0
169,Bertie,Bertie,M,Bertie,1973-11-15,iy0sht@gmail.com,01064829706,auncib Univ,N,N,,,,,2
170,Nell,Nell,F,Nell,1981-04-09,iwqem2@gmail.com,01082431806,mbovzi Univ,N,Y,,,,,4
171,Alberta,Alberta,F,Alberta,2005-06-05,n956e4@gmail.com,01018803730,ndwbxo Univ,D,Y,,,,,4
172,Katharine,Katharine,M,Katharine,2004-03-06,d1g7xv@gmail.com,01096445447,kboion Univ,D,N,,,,,4
173,Lora,Lora,M,Lora,1966-08-06,x088fl@gmail.com,01020628606,thfgsy Univ,N,Y,,,,,2
174,Rena,Rena,F,Rena,1972-04-18,edl1fk@gmail.com,01077190938,jtmwft Univ,S,N,,,,,0
175,Mina,Mina,F,Mina,2018-06-21,s8ift6@gmail.com,01028923604,iipsha Univ,D,N,,,,,2
176,Rhoda,Rhoda,F,Rhoda,1997-11-13,pwu7zb@gmail.com,01021165692,okljhh Univ,D,Y,,,,,0
177,Mathilda,Mathilda,M,Mathilda,1987-05-04,bcf141@gmail.com,01096643142,vbsdre Univ,S,N,,,,,5
178,Abbie,Abbie,M,Abbie,2017-06-06,olk5m7@gmail.com,01068984240,zitiut Univ,D,N,,,,,0
179,Eula,Eula,F,Eula,2008-06-05,n81o6d@gmail.com,01077855925,eqquyj Univ,D,Y,,,,,4
180,Dollie,Dollie,F,Dollie,1980-07-11,6u6p2g@gmail.com,01085887927,ylzsjr Univ,D,Y,,,,,2
181,Hettie,Hettie,M,Hettie,1967-11-10,3igyuu@gmail.com,01073565881,haqvpo Univ,D,Y,,,,,0
182,Eunice,Eunice,M,Eunice,2010-03-10,2ecsg6@gmail.com,01077340692,xqixof Univ,D,Y,,,,,3
183,Fanny,Fanny,M,Fanny,2020-07-09,ue9beb@gmail.com,01010879804,obgtfl Univ,D,Y,,,,,4
184,Ola,Ola,F,Ola,1971-03-21,fsm8zs@gmail.com,01061640582,wqwjyo Univ,N,N,,,,,3
185,Lenora,Lenora,F,Lenora,2009-06-17,ldrfwm@gmail.com,01018676360,gdfmfl Univ,D,Y,,,,,2
186,Adelaide,Adelaide,F,Adelaide,1995-03-10,in1sva@gmail.com,01099120574,xiagyq Univ,S,Y,,,,,3
187,Christina,Christina,M,Christina,1963-08-17,otbaiy@gmail.com,01050204154,yncerg Univ,D,N,,,,,0
188,Lelia,Lelia,M,Lelia,2007-06-14,f65qtp@gmail.com,01045894145,ucqhgh Univ,S,N,,,,,0
189,Nelle,Nelle,M,Nelle,2009-05-27,0avurf@gmail.com,01021135694,ogprgo Univ,N,N,,,,,0
190,Sue,Sue,M,Sue,2009-11-01,19d18q@gmail.com,01060263233,zezner Univ,D,N,,,,,4
191,Johanna,Johanna,F,Johanna,1972-08-13,0yqhzv@gmail.com,01032220453,dbljch Univ,N,N,,,,,0
192,Lilly,Lilly,M,Lilly,1982-06-13,kn1ezn@gmail.com,01041998482,tiphqa Univ,N,N,,,,,5
193,Lucinda,Lucinda,M,Lucinda,1968-09-13,zyw5of@gmail.com,01034106090,mlvxms Univ,D,N,,,,,0
194,Minerva,Minerva,M,Minerva,1967-06-14,xudef8@gmail.com,01079203796,rfxcbk Univ,N,N,,,,,1
195,Lettie,Lettie,F,Lettie,1968-12-10,z0k2lq@gmail.com,01078297587,mextbl Univ,D,N,,,,,2
196,Roxie,Roxie,M,Roxie,1974-07-08,7mazur@gmail.com,01020542964,lncdpj Univ,N,Y,,,,,4
197,Cynthia,Cynthia,M,Cynthia,1988-07-01,gfsjut@gmail.com,01027492514,otoidf Univ,S,Y,,,,,1
198,Helena,Helena,F,Helena,1966-06-15,ogbkax@gmail.com,01039559046,ymvfib Univ,S,N,,,,,3
199,Hilda,Hilda,F,Hilda,1960-10-25,y7ejw1@gmail.com,01086429509,cybnot Univ,S,N,,,,,5
200,Hulda,Hulda,M,Hulda,2008-10-15,w00jm1@gmail.com,01019871577,oxtsns Univ,N,Y,,,,,1
201,Bernice,Bernice,F,Bernice,1992-05-30,gl1rsk@gmail.com,01067389570,iyzgjs Univ,D,Y,,,,,2
202,Genevieve,Genevieve,M,Genevieve,1979-04-29,c5nfjx@gmail.com,01081109429,ukundh Univ,D,N,,,,,5
203,Jean,Jean,F,Jean,1976-05-22,ijqi0e@gmail.com,01056508418,cusrkr Univ,N,N,,,,,1
204,Cordelia,Cordelia,F,Cordelia,2003-03-21,qouggi@gmail.com,01081535423,kunxdp Univ,D,Y,,,,,4
205,Marian,Marian,F,Marian,2007-10-03,5wcpwb@gmail.com,01015693742,qohpuq Univ,S,N,,,,,3
206,Francis,Francis,M,Francis,1987-01-07,zqz84u@gmail.com,01034471931,autvmx Univ,S,N,,,,,0
207,Jeanette,Jeanette,M,Jeanette,1985-11-10,6xalvl@gmail.com,01067105196,bcxtoj Univ,N,Y,,,,,4
208,Adeline,Adeline,M,Adeline,1968-09-15,conaar@gmail.com,01028701522,hgiixn Univ,S,Y,,,,,5
209,Gussie,Gussie,M,Gussie,1967-04-21,moe5ko@gmail.com,01022239836,mskplt Univ,D,Y,,,,,5
210,Leah,Leah,F,Leah,1977-07-01,o9j011@gmail.com,01080469947,nmdpoq Univ,S,N,,,,,2
211,Lois,Lois,M,Lois,1973-01-07,klh8et@gmail.com,01017028429,wkqwts Univ,S,Y,,,,,0
212,Lura,Lura,F,Lura,1960-02-14,5tzyee@gmail.com,01032144847,nbaihh Univ,D,N,,,,,4
213,Mittie,Mittie,F,Mittie,1994-03-23,1w9icg@gmail.com,01099511618,mmpjcx Univ,N,N,,,,,2
214,Hallie,Hallie,M,Hallie,2012-03-25,ugm1n4@gmail.com,01069372252,qbfeht Univ,S,N,,,,,0
215,Isabella,Isabella,M,Isabella,1985-03-13,l3vtep@gmail.com,01064504942,wsrtbh Univ,N,N,,,,,1
216,Olga,Olga,F,Olga,1965-07-23,4rfjgk@gmail.com,01089766703,sfecqk Univ,S,N,,,,,3
217,Phoebe,Phoebe,M,Phoebe,1989-09-05,xw60oi@gmail.com,01052135170,uubwgq Univ,S,Y,,,,,0
218,Teresa,Teresa,M,Teresa,1979-06-17,r8rw3e@gmail.com,01068634046,cchpsw Univ,D,Y,,,,,0
219,Hester,Hester,M,Hester,1980-01-13,iwjtks@gmail.com,01096605049,kimaas Univ,S,Y,,,,,5
220,Lida,Lida,F,Lida,1979-01-24,h96yau@gmail.com,01037659201,kmfawf Univ,S,Y,,,,,3
221,Lina,Lina,M,Lina,1973-06-15,6itvnv@gmail.com,01068289696,qfjigl Univ,S,N,,,,,0
222,Winnie,Winnie,F,Winnie,2002-10-08,ol02m6@gmail.com,01018931877,kytiyi Univ,S,Y,,,,,1
223,Claudia,Claudia,F,Claudia,2003-06-03,eznabz@gmail.com,01023048110,izlzwq Univ,S,N,,,,,3
224,Marguerite,Marguerite,F,Marguerite,1968-12-14,yupac8@gmail.com,01017982434,roycck Univ,S,Y,,,,,5
225,Vera,Vera,M,Vera,2017-01-18,4po99o@gmail.com,01053961268,hxnsem Univ,S,N,,,,,0
226,Cecelia,Cecelia,M,Cecelia,1993-11-06,hqnzok@gmail.com,01041098493,mrtwzp Univ,S,Y,,,,,4
227,Bess,Bess,M,Bess,1962-04-07,4j0mew@gmail.com,01034926958,wcrbvn Univ,S,Y,,,,,4
228,Emilie,Emilie,F,Emilie,2010-12-26,tb9k22@gmail.com,01086782585,vtnnsa Univ,S,N,,,,,2
229,John,John,M,John,1997-02-27,ux24u5@gmail.com,01094466106,fthwuw Univ,N,Y,,,,,3
230,Rosetta,Rosetta,F,Rosetta,1988-04-04,ebik6h@gmail.com,01038724078,yfqery Univ,N,Y,,,,,3
231,Verna,Verna,M,Verna,1998-08-17,hx51dv@gmail.com,01064457734,dztade Univ,N,Y,,,,,0
232,Myrtie,Myrtie,F,Myrtie,2010-10-06,17kxi7@gmail.com,01011291975,bmgmqh Univ,N,N,,,,,5
233,Cecilia,Cecilia,M,Cecilia,1960-09-26,0fd6u5@gmail.com,01074695870,lkqnrq Univ,D,Y,,,,,0
234,Elva,Elva,M,Elva,1965-05-11,ywrrvq@gmail.com,01044606229,nmwsgu Univ,D,Y,,,,,5
235,Olivia,Olivia,M,Olivia,1990-07-02,r923jk@gmail.com,01053785324,tflxpv Univ,N,Y,,,,,5
236,Ophelia,Ophelia,M,Ophelia,2005-03-07,r4qno5@gmail.com,01055752978,qkatfh Univ,S,Y,,,,,1
237,Georgie,Georgie,F,Georgie,1976-07-23,frvomh@gmail.com,01014368107,aazijd Univ,D,Y,,,,,5
238,Elnora,Elnora,M,Elnora,2017-10-31,y2rp2l@gmail.com,01019250567,tbxrpb Univ,S,Y,,,,,1
239,Violet,Violet,F,Violet,2014-10-16,8h0p7f@gmail.com,01011568054,ymucoc Univ,S,Y,,,,,1
240,Adele,Adele,F,Adele,2005-08-08,pzy4jn@gmail.com,01094735464,nxeyog Univ,D,Y,,,,,3
241,Lily,Lily,F,Lily,1979-02-21,cjrr1d@gmail.com,01026494834,waeqmk Univ,S,Y,,,,,0
242,Linnie,Linnie,M,Linnie,2001-05-28,49nvlz@gmail.com,01066579377,zppkkp Univ,D,N,,,,,4
243,Loretta,Loretta,F,Loretta,2001-08-11,68p4q0@gmail.com,01081258622,evoyau Univ,S,N,,,,,2
244,Madge,Madge,F,Madge,1962-04-23,rccebi@gmail.com,01062667117,zdkkav Univ,S,N,,,,,1
245,Polly,Polly,F,Polly,2004-06-10,u8evkv@gmail.com,01012789938,xhpgrv Univ,N,N,,,,,0
246,Virgie,Virgie,M,Virgie,1971-10-27,oppscj@gmail.com,01093967427,iwykop Univ,S,Y,,,,,4
247,Eugenia,Eugenia,M,Eugenia,1974-03-31,ptz623@gmail.com,01017009542,kjpskn Univ,N,N,,,,,4
248,Lucile,Lucile,F,Lucile,2015-02-18,3co49n@gmail.com,01041767735,rgrbgw Univ,D,Y,,,,,0
249,Lucille,Lucille,M,Lucille,1983-08-19,7ewo21@gmail.com,01063848664,yqiyog Univ,D,N,,,,,5
250,Mabelle,Mabelle,F,Mabelle,1968-06-28,wam929@gmail.com,01027205909,ecoikj Univ,S,N,,,,,0
251,Rosalie,Rosalie,F,Rosalie,2018-11-15,c2k0jn@gmail.com,01022186438,nprnkt Univ,S,Y,,,,,5
252,Kittie,Kittie,F,Kittie,1977-07-20,q2sbf3@gmail.com,01042319262,pjjbxy Univ,S,N,,,,,1
253,Meta,Meta,M,Meta,1973-09-12,59967t@gmail.com,01064519633,bezlgq Univ,N,N,,,,,0
254,Angie,Angie,F,Angie,2002-08-26,2iouvv@gmail.com,01086547571,exhqzq Univ,D,Y,,,,,5
255,Dessie,Dessie,F,Dessie,1965-12-21,pws5pz@gmail.com,01066575006,aibmpa Univ,S,N,,,,,1
256,Georgiana,Georgiana,F,Georgiana,1988-07-17,045por@gmail.com,01052339176,payico Univ,S,Y,,,,,1
257,Lila,Lila,F,Lila,1990-11-12,6d7k4f@gmail.com,01019452353,ehbjib Univ,S,Y,,,,,0
258,Regina,Regina,F,Regina,1969-02-02,rqbdj3@gmail.com,01030624801,mgtwno Univ,N,N,,,,,2
259,Selma,Selma,M,Selma,1975-04-16,o3gpsv@gmail.com,01028933870,faqxss Univ,N,N,,,,,2
260,Wilhelmina,Wilhelmina,M,Wilhelmina,2020-09-06,9gp2fr@gmail.com,01073261215,ulrnxu Univ,D,N,,,,,4
261,Bridget,Bridget,M,Bridget,1963-10-21,mlncea@gmail.com,01043242079,drxwgy Univ,S,N,,,,,3
262,Lilla,Lilla,M,Lilla,2019-05-11,6xj01h@gmail.com,01041265953,tlkmdk Univ,S,Y,,,,,5
263,Malinda,Malinda,F,Malinda,2009-11-19,g5g897@gmail.com,01040570856,yanfyg Univ,N,Y,,,,,1
264,Vina,Vina,F,Vina,1971-04-20,4nubgs@gmail.com,01060262673,ajyazy Univ,N,Y,,,,,0
265,Freda,Freda,M,Freda,1962-11-04,jsgedj@gmail.com,01085000703,rtixue Univ,S,N,,,,,1
266,Gertie,Gertie,M,Gertie,1966-06-02,psasvu@gmail.com,01069553730,tuvdll Univ,N,Y,,,,,4
267,Jeannette,Jeannette,M,Jeannette,1983-11-30,rwry48@gmail.com,01065012842,tjyyqn Univ,S,Y,,,,,3
268,Louella,Louella,F,Louella,1964-09-18,wkd83e@gmail.com,01041585843,bwtons Univ,N,Y,,,,,5
269,Mandy,Mandy,M,Mandy,1981-07-14,shvipf@gmail.com,01077620319,nmmirc Univ,D,N,,,,,1
270,Roberta,Roberta,F,Roberta,1999-09-21,xd38ja@gmail.com,01035833659,gjfpeo Univ,N,N,,,,,4
271,Cassie,Cassie,F,Cassie,2016-08-07,y9m8p6@gmail.com,01076409724,elpbgp Univ,S,N,,,,,3
272,Corinne,Corinne,F,Corinne,1974-01-13,j3f2x2@gmail.com,01017629343,lnybjd Univ,D,N,,,,,4
273,Ivy,Ivy,F,Ivy,1998-08-09,tnd3gg@gmail.com,01023541528,guqoxz Univ,N,N,,,,,3
274,Melissa,Melissa,F,Melissa,2020-04-06,xjygsk@gmail.com,01088297320,cztmay Univ,S,N,,,,,1
275,Lyda,Lyda,F,Lyda,1993-01-13,oqlgdq@gmail.com,01040735999,vhyklt Univ,S,N,,,,,3
276,Naomi,Naomi,F,Naomi,2002-10-16,un78s5@gmail.com,01069159377,tdfbtd Univ,N,Y,,,,,4
277,Norma,Norma,M,Norma,1979-05-17,rt6570@gmail.com,01062396419,qrfkjt Univ,S,N,,,,,4
278,Bell,Bell,F,Bell,1985-12-15,ruwe7z@gmail.com,01074512404,kltsvg Univ,S,Y,,,,,5
279,Margie,Margie,M,Margie,2020-04-06,czzxf6@gmail.com,01067588416,cwwroo Univ,S,N,,,,,4
280,Nona,Nona,M,Nona,1999-05-15,qonesu@gmail.com,01089905414,axfcre Univ,S,N,,,,,4
281,Zella,Zella,M,Zella,2015-11-16,lx9cbd@gmail.com,01089573138,nltngt Univ,S,Y,,,,,5
282,Dovie,Dovie,F,Dovie,1979-08-23,bv5o4d@gmail.com,01086377334,jlinmc Univ,D,N,,,,,0
283,Elvira,Elvira,F,Elvira,2003-06-25,rv2ufe@gmail.com,01048888767,uyjpsz Univ,S,N,,,,,1
284,Erma,Erma,F,Erma,1972-03-30,8qucjt@gmail.com,01087180615,qfimhg Univ,S,Y,,,,,3
285,Irma,Irma,F,Irma,2016-11-14,1ppbho@gmail.com,01073383152,qkqtmz Univ,N,Y,,,,,1
286,Leota,Leota,F,Leota,2020-04-26,khlnzr@gmail.com,01023100746,vkgiiw Univ,S,Y,,,,,3
287,William,William,M,William,1963-01-08,tno3n2@gmail.com,01090288698,ktadii Univ,N,N,,,,,4
288,Artie,Artie,F,Artie,1974-10-17,b0ixt4@gmail.com,01087194529,ztyhri Univ,S,N,,,,,2
289,Blanch,Blanch,F,Blanch,1969-03-21,prh2xm@gmail.com,01010220458,ollopd Univ,D,Y,,,,,1
290,Charity,Charity,F,Charity,1999-11-04,xeezc4@gmail.com,01095418209,bvgtgu Univ,N,N,,,,,1
291,Lorena,Lorena,F,Lorena,1989-04-17,6fsnri@gmail.com,01084081569,eycqps Univ,N,Y,,,,,1
292,Lucretia,Lucretia,M,Lucretia,1968-04-30,e09kpr@gmail.com,01078820572,poyife Univ,S,N,,,,,0
293,Orpha,Orpha,F,Orpha,2010-10-24,3iky1o@gmail.com,01076716480,ngxvar Univ,D,N,,,,,2
294,Alvina,Alvina,M,Alvina,1974-01-17,3hm73s@gmail.com,01029081707,boqbdr Univ,N,N,,,,,1
295,Annette,Annette,F,Annette,1993-08-25,yq4pj1@gmail.com,01041796281,tugtil Univ,N,Y,,,,,4
296,Catharine,Catharine,F,Catharine,1996-03-03,5vxxgo@gmail.com,01031437247,hihguj Univ,S,N,,,,,1
297,Elma,Elma,F,Elma,1995-07-15,z69qqx@gmail.com,01021254409,xplvcf Univ,N,N,,,,,5
298,Geneva,Geneva,M,Geneva,2006-05-04,btc5xd@gmail.com,01057456721,pvyzmc Univ,S,Y,,,,,3
299,Janet,Janet,F,Janet,2011-09-30,ig7hyy@gmail.com,01047125002,fuhyhy Univ,S,N,,,,,5
300,Lee,Lee,F,Lee,1999-07-12,w6ig2j@gmail.com,01084410159,cvhuen Univ,N,N,,,,,0
301,Leora,Leora,F,Leora,1972-08-08,gubgsu@gmail.com,01017260695,nmtcvo Univ,S,N,,,,,3
302,Lona,Lona,M,Lona,1980-06-05,vd1na4@gmail.com,01049464121,wkjxti Univ,S,N,,,,,2
303,Miriam,Miriam,M,Miriam,1988-07-19,euzs3q@gmail.com,01071213491,ifpqxc Univ,D,Y,,,,,4
304,Zora,Zora,F,Zora,1967-05-02,6bny71@gmail.com,01032854904,uznpff Univ,N,Y,,,,,5
305,Linda,Linda,M,Linda,2018-11-29,h4gv2w@gmail.com,01039974021,rpjzrs Univ,S,Y,,,,,2
306,Octavia,Octavia,F,Octavia,2008-05-23,oexc8x@gmail.com,01023387488,aaglst Univ,D,N,,,,,1
307,Sudie,Sudie,M,Sudie,1977-10-13,9riy0s@gmail.com,01032128909,tguyba Univ,S,Y,,,,,1
308,Zula,Zula,M,Zula,2008-08-01,9ckqh0@gmail.com,01057808516,mrqtxt Univ,S,Y,,,,,3
309,Adella,Adella,F,Adella,2018-08-18,j807r5@gmail.com,01023997312,avwpyx Univ,N,N,,,,,3
310,Alpha,Alpha,M,Alpha,2019-10-30,odj9vp@gmail.com,01044075153,dojehd Univ,D,Y,,,,,5
311,Frieda,Frieda,M,Frieda,2009-11-03,x2d8s6@gmail.com,01089745930,rpftqn Univ,N,N,,,,,5
312,George,George,F,George,2003-05-09,t5ee3c@gmail.com,01091957493,xwfvrd Univ,N,Y,,,,,1
313,Joanna,Joanna,M,Joanna,1978-04-22,kz7qvb@gmail.com,01026878957,beelom Univ,D,Y,,,,,3
314,Leonora,Leonora,M,Leonora,1976-08-13,57twf3@gmail.com,01081968529,iiyqfy Univ,N,N,,,,,3
315,Priscilla,Priscilla,M,Priscilla,1996-03-28,shikft@gmail.com,01032819520,vgagdj Univ,N,Y,,,,,5
316,Tennie,Tennie,F,Tennie,1982-11-09,0i443a@gmail.com,01048952956,eykekz Univ,S,Y,,,,,4
317,Angeline,Angeline,M,Angeline,1977-12-11,4388gr@gmail.com,01028624204,rscpqh Univ,D,N,,,,,5
318,Docia,Docia,F,Docia,1967-04-25,iawbwi@gmail.com,01067966717,mguerr Univ,N,Y,,,,,5
319,Ettie,Ettie,F,Ettie,1977-04-14,gt6n4w@gmail.com,01094486692,gvxtug Univ,S,N,,,,,3
320,Flossie,Flossie,M,Flossie,1995-12-24,t94dae@gmail.com,01099378680,fzcvbg Univ,N,Y,,,,,0
321,Hanna,Hanna,F,Hanna,1967-06-19,gtwrvl@gmail.com,01046222521,cyfpqd Univ,D,Y,,,,,2
322,Letha,Letha,F,Letha,1993-01-28,uzgx02@gmail.com,01051382095,cgvokx Univ,S,N,,,,,4
323,Minta,Minta,F,Minta,2013-05-13,jiyla8@gmail.com,01070018459,ybkmfz Univ,S,Y,,,,,3
324,Retta,Retta,F,Retta,1998-07-12,bp7al3@gmail.com,01021968358,kzqxkj Univ,S,Y,,,,,1
325,Rosella,Rosella,F,Rosella,2001-07-22,q60jh1@gmail.com,01090121173,mesxvc Univ,N,N,,,,,3
326,Adah,Adah,F,Adah,2008-01-18,32pqkq@gmail.com,01094103509,odgyug Univ,D,Y,,,,,0
327,Berta,Berta,F,Berta,2000-05-12,npax97@gmail.com,01096896861,rmmmwy Univ,S,N,,,,,0
328,Elisabeth,Elisabeth,F,Elisabeth,1960-05-06,m50hap@gmail.com,01077616707,pxqipx Univ,S,N,,,,,0
329,Elise,Elise,M,Elise,1994-01-12,i0ai37@gmail.com,01071901378,mocltb Univ,N,N,,,,,4
330,Goldie,Goldie,F,Goldie,2019-03-16,e0fwlz@gmail.com,01099989582,melvlf Univ,N,N,,,,,3
331,Leola,Leola,M,Leola,1967-12-16,i2ph03@gmail.com,01049005989,jcbivn Univ,D,Y,,,,,3
332,Margret,Margret,F,Margret,1996-06-04,9e4vsd@gmail.com,01012328524,raccnf Univ,D,N,,,,,4
333,Adaline,Adaline,M,Adaline,1991-06-11,r6onph@gmail.com,01026064249,pwtfyg Univ,D,Y,,,,,2
334,Floy,Floy,M,Floy,1995-07-31,wy7mnl@gmail.com,01068020346,xntoip Univ,S,N,,,,,3
335,Idella,Idella,M,Idella,1960-02-15,k8b1qz@gmail.com,01083070633,psekun Univ,N,Y,,,,,1
336,Juanita,Juanita,M,Juanita,1986-01-29,kl07a8@gmail.com,01083129199,uyfnfk Univ,S,N,,,,,2
337,Lenna,Lenna,F,Lenna,1966-10-17,6k23p2@gmail.com,01092220853,wcvkut Univ,S,N,,,,,3
338,Lucie,Lucie,F,Lucie,1999-03-07,end4ba@gmail.com,01076078307,jjhwyk Univ,N,Y,,,,,3
339,Missouri,Missouri,M,Missouri,1974-02-25,vtft6l@gmail.com,01026764246,ucdajg Univ,D,Y,,,,,1
340,Nola,Nola,M,Nola,1970-07-04,w5a71r@gmail.com,01098078477,ngpepp Univ,S,N,,,,,4
341,Zoe,Zoe,M,Zoe,1997-11-20,dtoqcw@gmail.com,01083916069,qzgtqk Univ,D,Y,,,,,0
342,Eda,Eda,M,Eda,1995-02-07,cbinog@gmail.com,01034452563,upxrwa Univ,N,Y,,,,,0
343,Isabell,Isabell,M,Isabell,1969-08-12,jedp3j@gmail.com,01090274295,juobcw Univ,N,N,,,,,0
344,James,James,M,James,1974-05-18,91uxvq@gmail.com,01068370664,aantlu Univ,S,Y,,,,,0
345,Julie,Julie,F,Julie,1972-06-18,bt7w5o@gmail.com,01075721346,flrpbk Univ,S,N,,,,,2
346,Letitia,Letitia,M,Letitia,1978-04-15,d19xr7@gmail.com,01087114501,kncvuu Univ,N,Y,,,,,2
347,Madeline,Madeline,F,Madeline,2003-03-02,u4w73h@gmail.com,01087532574,ldxdtx Univ,D,Y,,,,,0
348,Malissa,Malissa,M,Malissa,2020-03-31,czd1hj@gmail.com,01078261261,obexhy Univ,N,N,,,,,1
349,Mariah,Mariah,M,Mariah,1980-09-12,1r21gk@gmail.com,01031982812,ouxqvq Univ,D,N,,,,,1
350,Pattie,Pattie,F,Pattie,1968-09-30,h7f34i@gmail.com,01063633980,nwsmgk Univ,S,N,,,,,1
351,Vivian,Vivian,M,Vivian,1991-10-03,l8jt0w@gmail.com,01032271915,jywvwm Univ,N,N,,,,,5
352,Almeda,Almeda,M,Almeda,1995-02-08,cgcch9@gmail.com,01050023489,jxoizk Univ,S,Y,,,,,5
353,Aurelia,Aurelia,M,Aurelia,1985-09-23,ebmuw5@gmail.com,01061847543,skhkaw Univ,D,Y,,,,,1
354,Claire,Claire,F,Claire,2003-04-24,2fupp1@gmail.com,01071093859,gljdfl Univ,S,N,,,,,4
355,Dolly,Dolly,F,Dolly,1980-02-09,bqoxwf@gmail.com,01049853264,axcrwd Univ,D,N,,,,,1
356,Hazel,Hazel,M,Hazel,2000-12-09,ocho19@gmail.com,01090792275,ljvcdz Univ,S,N,,,,,3
357,Jannie,Jannie,F,Jannie,2000-04-15,690ale@gmail.com,01057441837,ccckzd Univ,D,N,,,,,1
358,Kathleen,Kathleen,M,Kathleen,1987-12-06,annngx@gmail.com,01060222042,xjsjae Univ,N,Y,,,,,3
359,Kathrine,Kathrine,F,Kathrine,2004-05-26,v7gvo0@gmail.com,01012171444,kgfrpm Univ,S,Y,,,,,4
360,Lavinia,Lavinia,M,Lavinia,1991-07-02,3i17mi@gmail.com,01037074647,wowrsp Univ,S,Y,,,,,2
361,Marietta,Marietta,M,Marietta,2008-01-22,zewd1z@gmail.com,01094890067,yklazk Univ,N,Y,,,,,1
362,Melvina,Melvina,M,Melvina,2019-10-14,vboxsi@gmail.com,01041562994,lrnhgn Univ,N,N,,,,,3
363,Ona,Ona,F,Ona,1987-04-24,69pwmi@gmail.com,01036595619,ohpcdj Univ,D,Y,,,,,3
364,Pinkie,Pinkie,F,Pinkie,2014-01-07,duq0ps@gmail.com,01053333535,soszxo Univ,D,Y,,,,,2
365,Samantha,Samantha,F,Samantha,2020-05-09,99nlym@gmail.com,01088026318,rimsup Univ,N,N,,,,,5
366,Susanna,Susanna,M,Susanna,1986-10-03,yqd1mz@gmail.com,01036600126,ywcpyd Univ,S,Y,,,,,2
367,Chloe,Chloe,F,Chloe,1979-06-12,ptu10p@gmail.com,01033711510,eykudg Univ,N,N,,,,,1
368,Donnie,Donnie,M,Donnie,1964-09-25,vqja5n@gmail.com,01038545887,maaeyb Univ,D,N,,,,,2
369,Elsa,Elsa,F,Elsa,2010-06-27,h4d2yn@gmail.com,01022542678,rgyywg Univ,S,Y,,,,,2
370,Gladys,Gladys,F,Gladys,1988-09-11,h5c11l@gmail.com,01053458574,hztpfy Univ,D,Y,,,,,1
371,Matie,Matie,M,Matie,1964-08-08,vb72mr@gmail.com,01054733163,hzhujj Univ,N,N,,,,,0
372,Pearle,Pearle,F,Pearle,2003-03-09,fqgoo0@gmail.com,01045557236,swtses Univ,S,N,,,,,1
373,Vesta,Vesta,M,Vesta,1978-12-29,mhrztg@gmail.com,01026335036,oqpigm Univ,D,Y,,,,,0
374,Vinnie,Vinnie,F,Vinnie,1972-01-24,zg19ap@gmail.com,01042323429,dgpoir Univ,N,Y,,,,,3
375,Antoinette,Antoinette,F,Antoinette,2017-12-17,53a4hf@gmail.com,01065984236,kdcyey Univ,N,N,,,,,5
376,Clementine,Clementine,M,Clementine,1967-02-05,nuj6wl@gmail.com,01036629494,jovxhi Univ,D,N,,,,,0
377,Edythe,Edythe,M,Edythe,1981-11-15,ewjp0i@gmail.com,01025303454,kkzxig Univ,N,Y,,,,,1
378,Harriette,Harriette,F,Harriette,1982-06-16,6tu426@gmail.com,01061488791,vhmyic Univ,N,Y,,,,,5
379,Libbie,Libbie,M,Libbie,1960-01-24,jfajj9@gmail.com,01026314368,ecybtj Univ,N,N,,,,,5
380,Lilian,Lilian,M,Lilian,1972-02-13,rz92qi@gmail.com,01012969894,cffdyj Univ,N,Y,,,,,3
381,Lue,Lue,F,Lue,2018-01-26,7v7rxk@gmail.com,01054510583,dvlvaq Univ,D,N,,,,,4
382,Lutie,Lutie,M,Lutie,2017-12-22,kasizc@gmail.com,01072781328,sgxxkn Univ,D,N,,,,,4
383,Magdalena,Magdalena,F,Magdalena,1995-10-29,gn3tep@gmail.com,01049137578,kmfrym Univ,N,Y,,,,,5
384,Meda,Meda,M,Meda,2010-06-09,xt9mgz@gmail.com,01010049256,ukemuc Univ,D,Y,,,,,1
385,Rita,Rita,F,Rita,1984-04-25,rme8li@gmail.com,01018784871,hlacyk Univ,N,N,,,,,1
386,Tena,Tena,M,Tena,1960-06-14,caif73@gmail.com,01031106046,sidayc Univ,N,Y,,,,,4
387,Zelma,Zelma,M,Zelma,1973-02-27,bqcsmb@gmail.com,01076810221,nisnzm Univ,S,Y,,,,,4
388,Adelia,Adelia,M,Adelia,2012-09-20,xx63fz@gmail.com,01063774311,yzmsvm Univ,N,N,,,,,0
389,Annetta,Annetta,M,Annetta,1983-01-29,odxxxj@gmail.com,01092897225,kbskbg Univ,N,Y,,,,,1
390,Antonia,Antonia,M,Antonia,1988-11-16,s3wb7z@gmail.com,01066817856,fjkoim Univ,D,N,,,,,4
391,Dona,Dona,F,Dona,1998-08-14,1cj9f0@gmail.com,01077400088,vzzlxj Univ,D,N,,,,,4
392,Elizebeth,Elizebeth,F,Elizebeth,1971-01-17,e9t26e@gmail.com,01071284088,brrbfx Univ,S,Y,,,,,3
393,Georgianna,Georgianna,F,Georgianna,2016-05-25,ivawlq@gmail.com,01099843059,pvfknk Univ,N,N,,,,,0
394,Gracie,Gracie,M,Gracie,1992-11-18,tskdlf@gmail.com,01054302254,kddlvl Univ,S,N,,,,,0
395,Iona,Iona,F,Iona,1979-11-12,3i763p@gmail.com,01011270761,qtmfxz Univ,D,N,,,,,3
396,Lessie,Lessie,F,Lessie,1981-01-24,s00wr7@gmail.com,01020070603,mctywy Univ,S,Y,,,,,5
397,Leta,Leta,F,Leta,2004-12-07,4b7t1k@gmail.com,01018841137,ztoxwi Univ,D,N,,,,,1
398,Liza,Liza,M,Liza,1982-05-23,9dge26@gmail.com,01042920810,xivbtv Univ,S,Y,,,,,0
399,Mertie,Mertie,M,Mertie,1997-10-10,ony4qm@gmail.com,01044538838,sfmweh Univ,S,N,,,,,0
400,Molly,Molly,M,Molly,1966-12-27,zju1cb@gmail.com,01097993909,mjvoyo Univ,N,N,,,,,1
401,Neva,Neva,F,Neva,1962-03-20,hg9350@gmail.com,01081011816,pjurxr Univ,D,N,,,,,2
402,Oma,Oma,F,Oma,1975-02-12,ormwf1@gmail.com,01072769502,mdjsuc Univ,S,Y,,,,,1
403,Alida,Alida,M,Alida,2014-12-12,7s6q3p@gmail.com,01017865950,ifsrux Univ,S,N,,,,,2
404,Alva,Alva,F,Alva,2014-06-22,vjgbh2@gmail.com,01049969526,eigcll Univ,N,N,,,,,0
405,Cecile,Cecile,F,Cecile,1971-04-17,88b8s2@gmail.com,01026433894,pfwsll Univ,N,Y,,,,,3
406,Cleo,Cleo,M,Cleo,1992-09-22,xpmvjn@gmail.com,01013298750,ypzcwr Univ,D,Y,,,,,2
407,Donna,Donna,M,Donna,1969-03-25,zs99hj@gmail.com,01092837188,hbfwta Univ,N,N,,,,,3
408,Ellie,Ellie,F,Ellie,2007-10-29,y35ho2@gmail.com,01045548820,tttssy Univ,N,Y,,,,,2
409,Ernestine,Ernestine,F,Ernestine,1998-12-21,ig818m@gmail.com,01040997202,qfkgjy Univ,N,Y,,,,,2
410,Evie,Evie,F,Evie,1983-04-09,de2kyh@gmail.com,01053583264,hzeqbn Univ,D,N,,,,,4
411,Frankie,Frankie,M,Frankie,2020-03-30,f9ui0l@gmail.com,01034528151,tqfcgc Univ,N,N,,,,,1
412,Helene,Helene,M,Helene,2008-06-22,evp3z6@gmail.com,01094418907,syxvew Univ,S,Y,,,,,5
413,Minna,Minna,F,Minna,1976-12-02,9gyczw@gmail.com,01039167028,jakjhd Univ,D,Y,,,,,3
414,Myrta,Myrta,M,Myrta,1999-03-26,1tlpyk@gmail.com,01098658397,jtfykp Univ,D,N,,,,,3
415,Prudence,Prudence,F,Prudence,1982-08-14,cmxmjv@gmail.com,01011481233,qbewja Univ,S,N,,,,,0
416,Queen,Queen,F,Queen,1970-04-30,3mp9wo@gmail.com,01014557989,bgczir Univ,N,N,,,,,1
417,Rilla,Rilla,F,Rilla,2019-03-08,gv4qcg@gmail.com,01097246188,jvlyem Univ,D,Y,,,,,5
418,Savannah,Savannah,M,Savannah,2003-12-20,jro2gn@gmail.com,01035353900,eeqqzj Univ,S,N,,,,,0
419,Tessie,Tessie,F,Tessie,1974-05-29,19olsu@gmail.com,01030008727,zocbsg Univ,S,N,,,,,4
420,Tina,Tina,F,Tina,1986-05-29,v6podk@gmail.com,01046623559,cwlvaj Univ,N,Y,,,,,4
421,Agatha,Agatha,F,Agatha,1974-06-05,c7meko@gmail.com,01096447005,tqvfkt Univ,D,N,,,,,4
422,America,America,F,America,2001-12-01,srdr1t@gmail.com,01044367852,lgakgb Univ,D,Y,,,,,4
423,Anita,Anita,F,Anita,2012-08-20,w95rk7@gmail.com,01075968547,ghbwcn Univ,S,Y,,,,,0
424,Arminta,Arminta,F,Arminta,1993-01-02,yet1sj@gmail.com,01020442628,hiwuht Univ,N,Y,,,,,1
425,Dorothea,Dorothea,M,Dorothea,1992-06-02,o2iu15@gmail.com,01078419387,ngizyz Univ,S,N,,,,,2
426,Ira,Ira,F,Ira,1964-06-25,7lu43j@gmail.com,01077528881,kyiiqs Univ,S,Y,,,,,0
427,Luvenia,Luvenia,F,Luvenia,1973-04-22,a2bu6d@gmail.com,01019963602,wtharn Univ,S,N,,,,,5
428,Marjorie,Marjorie,F,Marjorie,1979-06-07,hrnbqg@gmail.com,01092692165,hixnel Univ,D,Y,,,,,3
429,Maybelle,Maybelle,M,Maybelle,2002-09-12,9g13ct@gmail.com,01098992957,ebrxly Univ,S,N,,,,,3
430,Mellie,Mellie,M,Mellie,2009-03-20,t2507u@gmail.com,01056353688,rsboev Univ,N,Y,,,,,1
431,Nan,Nan,F,Nan,1960-01-22,tg2cy4@gmail.com,01053354398,vwekss Univ,N,N,,,,,0
432,Pearlie,Pearlie,F,Pearlie,1983-04-11,j7n1mo@gmail.com,01017701596,pjeefv Univ,S,N,,,,,1
433,Sidney,Sidney,M,Sidney,1986-06-21,osf564@gmail.com,01079672739,rlzxer Univ,S,Y,,,,,1
434,Velma,Velma,M,Velma,1979-05-28,rk2kyw@gmail.com,01060626590,odedus Univ,N,Y,,,,,3
435,Clare,Clare,M,Clare,1978-04-23,8m7ks4@gmail.com,01034958916,rjoguo Univ,N,N,,,,,0
436,Constance,Constance,F,Constance,1970-08-03,b2ok9v@gmail.com,01015162218,kpzsrl Univ,N,Y,,,,,1
437,Dixie,Dixie,F,Dixie,1985-07-18,rtanz8@gmail.com,01062927029,jjmzzz Univ,D,Y,,,,,2
438,Ila,Ila,M,Ila,2012-12-11,t8vyjg@gmail.com,01091738815,ewvewo Univ,N,N,,,,,2
439,Iola,Iola,M,Iola,1986-02-24,kgwaq2@gmail.com,01016785016,yvvqln Univ,S,Y,,,,,3
440,Jimmie,Jimmie,F,Jimmie,1995-05-07,fn0o22@gmail.com,01080719336,bjjicz Univ,D,N,,,,,4
441,Louvenia,Louvenia,F,Louvenia,1977-09-08,jj15et@gmail.com,01023516562,wflwhj Univ,D,N,,,,,2
442,Lucia,Lucia,F,Lucia,1970-08-29,jeh9v1@gmail.com,01032669683,qffcpm Univ,D,N,,,,,2
443,Ludie,Ludie,F,Ludie,1989-07-25,k1po2g@gmail.com,01092129587,rsqwwb Univ,D,N,,,,,0
444,Luna,Luna,F,Luna,2012-08-01,aj0kyq@gmail.com,01014850140,etdiss Univ,S,Y,,,,,0
445,Metta,Metta,M,Metta,1962-08-07,9z5j6y@gmail.com,01012853668,fmmshx Univ,D,Y,,,,,2
446,Patsy,Patsy,M,Patsy,1965-05-24,66v3if@gmail.com,01024636100,nhbdxw Univ,D,Y,,,,,3
447,Phebe,Phebe,M,Phebe,2009-06-15,98wdc1@gmail.com,01053127281,nbcfac Univ,N,Y,,,,,2
448,Sophronia,Sophronia,F,Sophronia,2020-01-05,pk545c@gmail.com,01057329692,qahkxz Univ,S,N,,,,,3
449,Adda,Adda,M,Adda,1979-12-25,4gb5xg@gmail.com,01039072385,mnmpjb Univ,S,N,,,,,2
450,Avis,Avis,F,Avis,2011-02-16,jdrfzl@gmail.com,01053182038,abxxhm Univ,D,Y,,,,,0
451,Betsy,Betsy,M,Betsy,1980-08-02,rb8s54@gmail.com,01067244560,iwoqqo Univ,S,Y,,,,,0
452,Bonnie,Bonnie,F,Bonnie,2012-07-27,ef2nbp@gmail.com,01098861117,jkxqbm Univ,N,Y,,,,,0
453,Cecil,Cecil,F,Cecil,1985-12-19,toz4kg@gmail.com,01059086013,dbgohe Univ,S,Y,,,,,1
454,Cordie,Cordie,M,Cordie,2009-02-15,ouwibh@gmail.com,01020217666,xmfsqr Univ,S,N,,,,,3
455,Emmaline,Emmaline,M,Emmaline,1971-06-25,5zgpt5@gmail.com,01043233965,fzdcxu Univ,S,Y,,,,,1
456,Ethelyn,Ethelyn,F,Ethelyn,1979-08-29,3lmwoj@gmail.com,01018010364,ifpzse Univ,N,N,,,,,3
457,Hortense,Hortense,F,Hortense,1978-07-10,zqnq4u@gmail.com,01052319147,gqyldk Univ,N,N,,,,,4
458,June,June,M,June,1979-11-12,vvl6gx@gmail.com,01016067065,biollg Univ,N,Y,,,,,0
459,Louie,Louie,F,Louie,1966-11-21,4qjyvk@gmail.com,01031688031,wxexjg Univ,N,Y,,,,,3
460,Lovie,Lovie,F,Lovie,2001-07-06,6tv7q4@gmail.com,01078332762,worzdj Univ,D,Y,,,,,4
461,Marcella,Marcella,M,Marcella,1995-06-07,3vjsh7@gmail.com,01053941958,dnvffz Univ,N,Y,,,,,2
462,Melinda,Melinda,M,Melinda,2017-11-03,re0svt@gmail.com,01050967854,jaotbh Univ,N,N,,,,,4
463,Mona,Mona,M,Mona,1972-08-16,704jl4@gmail.com,01073515875,qnjkov Univ,N,Y,,,,,1
464,Odessa,Odessa,F,Odessa,2007-08-14,o2hec0@gmail.com,01071590500,vifski Univ,N,N,,,,,2
465,Veronica,Veronica,F,Veronica,1974-03-27,kuho83@gmail.com,01088037803,pntoix Univ,S,Y,,,,,1
466,Aimee,Aimee,F,Aimee,1999-02-28,xeda2o@gmail.com,01053245011,dbddpr Univ,D,N,,,,,2
467,Annabel,Annabel,F,Annabel,1968-02-18,6il8bf@gmail.com,01047864109,fwykbo Univ,N,N,,,,,5
468,Ava,Ava,F,Ava,1979-01-14,4phntp@gmail.com,01020034048,urmhuv Univ,S,N,,,,,3
469,Bella,Bella,F,Bella,2015-02-07,b85xtl@gmail.com,01060402976,qnujsv Univ,D,N,,,,,5
470,Carolina,Carolina,M,Carolina,1990-05-06,tia795@gmail.com,01032271250,gusnxb Univ,D,Y,,,,,2
471,Cathrine,Cathrine,F,Cathrine,1987-09-18,grxywx@gmail.com,01026877218,fhsggo Univ,S,N,,,,,1
472,Christena,Christena,M,Christena,2001-01-30,xde81s@gmail.com,01063172311,wfpuqv Univ,D,Y,,,,,5
473,Clyde,Clyde,M,Clyde,1966-12-08,75kahj@gmail.com,01083105731,zuaplf Univ,D,Y,,,,,5
474,Dena,Dena,F,Dena,1998-11-23,zt7uz6@gmail.com,01040819004,wookie Univ,N,Y,,,,,3
475,Dolores,Dolores,M,Dolores,2017-06-06,085kci@gmail.com,01027556458,tzrwlr Univ,D,N,,,,,5
476,Eleanore,Eleanore,F,Eleanore,1973-12-02,347orv@gmail.com,01019747772,hemclr Univ,S,N,,,,,1
477,Elmira,Elmira,F,Elmira,1984-12-09,o2cp25@gmail.com,01088891838,dkkwor Univ,S,N,,,,,5
478,Fay,Fay,F,Fay,1983-07-17,1iv4fz@gmail.com,01065236571,rivkmq Univ,S,Y,,,,,3
479,Frank,Frank,F,Frank,2004-03-05,258g0y@gmail.com,01075565994,wpuuat Univ,N,Y,,,,,1
480,Jenny,Jenny,M,Jenny,1982-12-22,4ggjzl@gmail.com,01060605378,jarqfd Univ,S,Y,,,,,4
481,Kizzie,Kizzie,M,Kizzie,1991-08-01,pzjhl1@gmail.com,01039469517,bdeldk Univ,N,N,,,,,4
482,Lonnie,Lonnie,F,Lonnie,1997-07-06,xotqd4@gmail.com,01096729998,wthntn Univ,D,N,,,,,5
483,Loula,Loula,M,Loula,2012-08-20,3lqqkz@gmail.com,01035209152,hnudew Univ,S,N,,,,,2
484,Magdalene,Magdalene,M,Magdalene,1979-06-18,blas1g@gmail.com,01065063755,rpeahm Univ,S,Y,,,,,4
485,Mettie,Mettie,M,Mettie,1980-05-24,j2t826@gmail.com,01033497946,ndxmkj Univ,D,N,,,,,2
486,Mintie,Mintie,M,Mintie,1982-04-12,f951ba@gmail.com,01093964794,rocvcb Univ,D,Y,,,,,0
487,Peggy,Peggy,F,Peggy,1976-07-10,yc3ktv@gmail.com,01055776138,uvzbgv Univ,N,N,,,,,1
488,Reba,Reba,F,Reba,1979-02-26,nmu9i0@gmail.com,01056957970,wxdojq Univ,S,Y,,,,,3
489,Serena,Serena,M,Serena,2018-11-27,4halqu@gmail.com,01052274555,godrfq Univ,S,N,,,,,0
490,Vida,Vida,F,Vida,1986-02-12,o4dqhk@gmail.com,01092244871,gupwls Univ,N,Y,,,,,1
491,Zada,Zada,F,Zada,1973-06-27,qx28jz@gmail.com,01078280623,bkgwiw Univ,N,N,,,,,0
492,Abigail,Abigail,M,Abigail,2007-01-07,cirs1f@gmail.com,01016995772,ryovwn Univ,S,Y,,,,,5
493,Celestine,Celestine,F,Celestine,1987-02-25,6pwbzh@gmail.com,01094651021,ykqwpy Univ,S,N,,,,,1
494,Celina,Celina,M,Celina,2007-08-07,83eeps@gmail.com,01018096421,danpck Univ,S,N,,,,,5
495,Claudie,Claudie,M,Claudie,1970-02-28,7o759u@gmail.com,01042609515,aphohn Univ,D,N,,,,,2
496,Clemmie,Clemmie,M,Clemmie,2006-04-20,316lyd@gmail.com,01091386992,qlzspr Univ,N,N,,,,,4
497,Connie,Connie,M,Connie,2012-01-29,zwuhz2@gmail.com,01010040185,cfvzff Univ,S,Y,,,,,1
498,Daisie,Daisie,M,Daisie,2008-10-01,j6v2eu@gmail.com,01060678442,lzzkyu Univ,D,N,,,,,2
499,Deborah,Deborah,F,Deborah,2006-05-10,zj35jy@gmail.com,01051058624,poiozs Univ,N,Y,,,,,5
500,Dessa,Dessa,F,Dessa,2005-03-05,8oqjtc@gmail.com,01028076392,mmawwe Univ,N,Y,,,,,4
501,Easter,Easter,M,Easter,1971-08-03,ma424o@gmail.com,01027136541,smydys Univ,S,N,,,,,0
502,Eddie,Eddie,M,Eddie,2018-12-14,dzhhek@gmail.com,01026410726,aaclaz Univ,S,N,,,,,0
503,Emelia,Emelia,F,Emelia,1970-08-08,43imk8@gmail.com,01058603753,thkwxz Univ,N,N,,,,,1
504,Emmie,Emmie,M,Emmie,2016-06-28,xebcnl@gmail.com,01084570086,xrgzza Univ,S,Y,,,,,4
505,Imogene,Imogene,F,Imogene,1997-09-29,2cvbqh@gmail.com,01051675805,mbxphh Univ,D,N,,,,,0
506,India,India,M,India,1963-04-27,wsn6mt@gmail.com,01071773658,uwjbwm Univ,S,Y,,,,,5
507,Jeanne,Jeanne,F,Jeanne,1981-01-20,dwvpph@gmail.com,01011138515,ycduvf Univ,N,Y,,,,,2
508,Joan,Joan,F,Joan,2017-08-03,630f1s@gmail.com,01025099821,zuxdug Univ,D,N,,,,,4
509,Lenore,Lenore,M,Lenore,1988-05-06,jvrejd@gmail.com,01095608772,pqqukn Univ,D,Y,,,,,1
510,Liddie,Liddie,F,Liddie,1994-05-01,10yjdi@gmail.com,01011818898,tcufwt Univ,D,N,,,,,1
511,Lotta,Lotta,F,Lotta,1998-07-07,8t1jc1@gmail.com,01073976067,unercg Univ,S,N,,,,,5
512,Mame,Mame,F,Mame,2018-03-30,7e04ex@gmail.com,01080262893,mgvaue Univ,N,Y,,,,,4
513,Nevada,Nevada,M,Nevada,1990-08-04,8t2udn@gmail.com,01034791321,dpnfar Univ,S,N,,,,,3
514,Rachael,Rachael,M,Rachael,1966-02-14,z7mfyw@gmail.com,01015922516,orchqa Univ,S,N,,,,,5
515,Sina,Sina,M,Sina,1978-10-19,a6k1bk@gmail.com,01089047646,edigkw Univ,N,N,,,,,0
516,Willa,Willa,M,Willa,1963-07-31,cz5s60@gmail.com,01053007518,vbjciu Univ,S,Y,,,,,4
517,Aline,Aline,M,Aline,2010-05-29,050tv6@gmail.com,01054470639,jiwxxo Univ,N,N,,,,,0
518,Beryl,Beryl,M,Beryl,1999-04-15,2mm55y@gmail.com,01041887452,ojmtzt Univ,N,Y,,,,,4
519,Charles,Charles,M,Charles,1998-07-26,jm1raj@gmail.com,01099956079,beeaqi Univ,D,Y,,,,,2
520,Daisey,Daisey,F,Daisey,1979-08-07,niw8t8@gmail.com,01028400191,btatnk Univ,N,Y,,,,,3
521,Dorcas,Dorcas,F,Dorcas,1979-05-07,v6kzsb@gmail.com,01017878231,nekvny Univ,S,Y,,,,,3
522,Edmonia,Edmonia,M,Edmonia,1964-07-03,2901pg@gmail.com,01028393346,bdauki Univ,D,N,,,,,0
523,Effa,Effa,M,Effa,1970-08-08,bbdt2j@gmail.com,01021820189,xwnxet Univ,S,N,,,,,3
524,Eldora,Eldora,M,Eldora,1961-06-21,u0e37s@gmail.com,01020040553,rpqims Univ,N,N,,,,,0
525,Eloise,Eloise,F,Eloise,1989-01-22,wkx0b1@gmail.com,01056153861,fecjrk Univ,S,N,,,,,2
526,Emmer,Emmer,M,Emmer,1987-07-26,u5k0f8@gmail.com,01074201316,vompwz Univ,D,N,,,,,4
527,Era,Era,M,Era,2019-08-21,3z0trk@gmail.com,01028807985,jfrfen Univ,N,Y,,,,,1
528,Gena,Gena,F,Gena,1963-02-01,o1z00d@gmail.com,01094489235,vimlxc Univ,S,N,,,,,0
529,Henry,Henry,M,Henry,1988-04-16,4y4wu0@gmail.com,01030556521,pwoxup Univ,N,N,,,,,1
530,Iris,Iris,F,Iris,1992-04-02,c0it92@gmail.com,01090635990,jlkzrd Univ,N,Y,,,,,5
531,Izora,Izora,F,Izora,1980-01-19,s4i41a@gmail.com,01059432193,utmiax Univ,N,N,,,,,2
532,Lennie,Lennie,F,Lennie,1971-04-24,h1wctn@gmail.com,01037283923,sccwis Univ,D,N,,,,,1
533,Lissie,Lissie,F,Lissie,1985-08-22,8q0zl4@gmail.com,01059093684,ewmumn Univ,D,N,,,,,4
534,Mallie,Mallie,F,Mallie,1966-02-22,b858yg@gmail.com,01028125081,pyvbon Univ,S,N,,,,,3
535,Malvina,Malvina,F,Malvina,2019-04-01,wzgmol@gmail.com,01031987557,gxdrhh Univ,S,Y,,,,,0
536,Mathilde,Mathilde,M,Mathilde,1982-05-01,mwaun8@gmail.com,01076303777,bzhjob Univ,D,N,,,,,2
537,Mazie,Mazie,M,Mazie,1963-11-21,ymhr5u@gmail.com,01029425967,kfjpbf Univ,N,N,,,,,5
538,Queenie,Queenie,M,Queenie,1996-07-31,adnf8c@gmail.com,01089435885,xrsxhd Univ,S,Y,,,,,2
539,Robert,Robert,M,Robert,1998-02-11,0q36at@gmail.com,01023570247,dydkld Univ,N,Y,,,,,1
540,Rosina,Rosina,M,Rosina,1969-08-11,pixmy0@gmail.com,01014959762,ereiue Univ,N,N,,,,,4
541,Salome,Salome,F,Salome,1983-11-11,14dz3d@gmail.com,01075510040,rmasuj Univ,N,Y,,,,,5
542,Theodora,Theodora,M,Theodora,2008-11-02,v1brkl@gmail.com,01019866319,ypbvsl Univ,N,Y,,,,,1
543,Therese,Therese,F,Therese,1995-05-07,tj2cwd@gmail.com,01093239008,krhcgc Univ,S,Y,,,,,4
544,Vena,Vena,M,Vena,2011-04-29,6wqart@gmail.com,01043420444,chxbta Univ,D,Y,,,,,3
545,Wanda,Wanda,M,Wanda,2012-01-21,66tcfe@gmail.com,01042852055,saqlaz Univ,D,N,,,,,3
546,Wilda,Wilda,M,Wilda,1993-10-16,d6ubeq@gmail.com,01022004513,pqcehh Univ,D,Y,,,,,4
547,Altha,Altha,M,Altha,1988-03-02,lef4us@gmail.com,01048760077,lnvozq Univ,N,N,,,,,5
548,Anastasia,Anastasia,F,Anastasia,2007-11-07,wzntyy@gmail.com,01087909182,tadete Univ,S,N,,,,,4
549,Besse,Besse,F,Besse,1987-05-08,cd4b2y@gmail.com,01088933751,lvrnbr Univ,N,N,,,,,3
550,Bird,Bird,F,Bird,1974-02-08,msg79f@gmail.com,01019734750,mddelh Univ,N,N,,,,,0
551,Birtie,Birtie,F,Birtie,1971-09-12,lgnngx@gmail.com,01063749954,dtwmsb Univ,S,Y,,,,,4
552,Clarissa,Clarissa,F,Clarissa,1994-06-08,sg3smz@gmail.com,01063673954,laxhjg Univ,D,Y,,,,,0
553,Claude,Claude,F,Claude,1986-10-31,o5uqz4@gmail.com,01059968966,muxvwu Univ,D,N,,,,,4
554,Delilah,Delilah,F,Delilah,2006-03-26,ku8ptg@gmail.com,01053728373,ooulwa Univ,S,Y,,,,,2
555,Diana,Diana,M,Diana,2010-06-24,k7drc0@gmail.com,01018198420,rbyruf Univ,N,Y,,,,,3
556,Emelie,Emelie,M,Emelie,2014-03-13,5c2mqk@gmail.com,01010415738,rzfdyj Univ,D,Y,,,,,1
557,Erna,Erna,M,Erna,1992-02-13,3kpkjg@gmail.com,01064756094,dqlzep Univ,D,Y,,,,,5
558,Fern,Fern,M,Fern,2005-10-02,637ydm@gmail.com,01025347495,fvoonb Univ,N,Y,,,,,1
559,Florida,Florida,F,Florida,2009-04-09,7v6ora@gmail.com,01024697550,tygdam Univ,D,Y,,,,,2
560,Frona,Frona,M,Frona,1996-01-05,16p4cb@gmail.com,01041861429,xjarhf Univ,N,N,,,,,0
561,Hilma,Hilma,F,Hilma,2018-01-13,orsksh@gmail.com,01052949884,mbvhnw Univ,D,Y,,,,,4
562,Joseph,Joseph,F,Joseph,1999-06-06,9m7gox@gmail.com,01016213393,jziydv Univ,S,Y,,,,,2
563,Juliet,Juliet,M,Juliet,1998-02-27,8pvvxr@gmail.com,01057186471,egbgct Univ,N,N,,,,,2
564,Leonie,Leonie,M,Leonie,1979-05-18,o2nopr@gmail.com,01027368110,jdruoh Univ,S,Y,,,,,1
565,Lugenia,Lugenia,F,Lugenia,1998-04-05,iqqtdi@gmail.com,01036015085,hazuri Univ,D,Y,,,,,2
566,Mammie,Mammie,F,Mammie,1969-08-12,y4k9jf@gmail.com,01062815394,rkarye Univ,N,Y,,,,,2
567,Manda,Manda,M,Manda,1984-02-22,yrwfpc@gmail.com,01092599282,xgbkeb Univ,N,N,,,,,0
568,Manerva,Manerva,M,Manerva,1996-08-04,hay1tg@gmail.com,01024646446,uowdac Univ,D,N,,,,,1
569,Manie,Manie,F,Manie,1974-12-25,lwg7b8@gmail.com,01097843412,adampw Univ,S,N,,,,,4
570,Nella,Nella,F,Nella,1966-06-04,nirrs1@gmail.com,01054869749,mbitcv Univ,N,Y,,,,,5
571,Paulina,Paulina,M,Paulina,1991-12-21,2vihqw@gmail.com,01094325303,mlfmlg Univ,D,Y,,,,,3
572,Philomena,Philomena,M,Philomena,1961-08-23,p6kuni@gmail.com,01048105644,iqvrbz Univ,D,Y,,,,,2
573,Rae,Rae,F,Rae,1963-09-21,vrujhh@gmail.com,01060968513,pwaovc Univ,S,N,,,,,4
574,Selina,Selina,M,Selina,1992-04-14,0cd46u@gmail.com,01077855545,imtmgs Univ,D,Y,,,,,5
575,Sena,Sena,F,Sena,1969-05-24,bwb6ga@gmail.com,01020096279,kyyblx Univ,D,N,,,,,2
576,Theodosia,Theodosia,F,Theodosia,2017-02-02,gfzbb4@gmail.com,01043624653,lexvsx Univ,N,Y,,,,,3
577,Tommie,Tommie,M,Tommie,1998-03-21,4nxcor@gmail.com,01090124243,klauxy Univ,D,N,,,,,2
578,Una,Una,M,Una,1987-10-29,bcl5ho@gmail.com,01092781776,lhunqp Univ,D,N,,,,,2
579,Vernie,Vernie,M,Vernie,1979-10-27,jxu98l@gmail.com,01044557081,uwudfe Univ,D,Y,,,,,5
580,Adela,Adela,M,Adela,2003-09-07,yxhjzd@gmail.com,01040540055,otbbvq Univ,S,Y,,,,,3
581,Althea,Althea,F,Althea,1988-07-16,vg8yyw@gmail.com,01090508191,slceua Univ,S,N,,,,,3
582,Amalia,Amalia,F,Amalia,1963-01-10,6d5pif@gmail.com,01029358595,wersmb Univ,S,Y,,,,,5
583,Amber,Amber,F,Amber,1960-02-14,hxcccd@gmail.com,01093079443,wethka Univ,S,Y,,,,,5
584,Angelina,Angelina,M,Angelina,1988-02-18,uxzbim@gmail.com,01051675953,uukixt Univ,S,Y,,,,,3
585,Annabelle,Annabelle,M,Annabelle,2017-09-12,nnmqfv@gmail.com,01056405734,hnhkec Univ,S,Y,,,,,5
586,Anner,Anner,F,Anner,1969-12-31,jag2x0@gmail.com,01028211861,ahtijo Univ,D,N,,,,,3
587,Arie,Arie,M,Arie,2001-01-30,rbdova@gmail.com,01064994067,fdyjfl Univ,N,N,,,,,0
588,Clarice,Clarice,M,Clarice,1967-05-27,mqrk5o@gmail.com,01019503574,udsqsk Univ,S,Y,,,,,5
589,Corda,Corda,M,Corda,1988-04-25,dmyxrg@gmail.com,01059702256,tvhebm Univ,N,N,,,,,3
590,Corrie,Corrie,F,Corrie,1997-08-02,1uw19l@gmail.com,01082539844,iyddqr Univ,N,N,,,,,2
591,Dell,Dell,M,Dell,1963-05-30,bvqgkq@gmail.com,01061346634,xpxmgo Univ,N,N,,,,,2
592,Dellar,Dellar,F,Dellar,2008-06-10,sin42g@gmail.com,01049975908,yllprw Univ,N,Y,,,,,1
593,Donie,Donie,M,Donie,2005-06-15,8qymkb@gmail.com,01059703379,ovehoj Univ,S,N,,,,,5
594,Doris,Doris,M,Doris,2012-03-27,0ikyw6@gmail.com,01077411856,ilsxav Univ,D,N,,,,,2
595,Elda,Elda,M,Elda,2016-01-02,44nw4n@gmail.com,01098226981,glogcn Univ,N,N,,,,,5
596,Elinor,Elinor,F,Elinor,2004-09-06,j1r4gn@gmail.com,01085014019,dfzgrp Univ,S,N,,,,,3
597,Emeline,Emeline,F,Emeline,1960-05-23,6r72nl@gmail.com,01096146836,kyyfdr Univ,S,N,,,,,0
598,Emilia,Emilia,F,Emilia,1987-04-15,qmvvpa@gmail.com,01053898127,hhhxpc Univ,N,Y,,,,,3
599,Esta,Esta,F,Esta,2008-05-18,zeatya@gmail.com,01087836596,tmrayh Univ,N,Y,,,,,2
600,Estell,Estell,M,Estell,1971-11-09,hq2zwi@gmail.com,01033401013,rdgzct Univ,S,N,,,,,3
601,Etha,Etha,F,Etha,1966-07-11,mbo8zi@gmail.com,01064902857,pjiqau Univ,D,N,,,,,0
602,Fred,Fred,F,Fred,2005-12-31,5z6t0d@gmail.com,01025349828,lplvwy Univ,D,Y,,,,,4
603,Hope,Hope,M,Hope,1994-02-07,f8v8ql@gmail.com,01064280112,offmiv Univ,D,Y,,,,,0
604,Indiana,Indiana,M,Indiana,1999-06-05,dpd67p@gmail.com,01016207420,ralbnj Univ,N,Y,,,,,3
605,Ione,Ione,F,Ione,2000-07-28,ux0114@gmail.com,01059767782,arigig Univ,D,N,,,,,4
606,Jettie,Jettie,F,Jettie,1995-05-09,j9tpdo@gmail.com,01059327873,pscdfs Univ,D,Y,,,,,0
607,Johnnie,Johnnie,F,Johnnie,1995-01-27,9vs4xs@gmail.com,01095144274,qlxgxy Univ,S,Y,,,,,3
608,Josiephine,Josiephine,F,Josiephine,1970-02-21,e4v8uk@gmail.com,01012761168,kzcpfl Univ,D,N,,,,,1
609,Kitty,Kitty,F,Kitty,2006-06-22,0ehm6p@gmail.com,01045388217,qzmqsy Univ,S,N,,,,,5
610,Lavina,Lavina,F,Lavina,2007-04-10,ds965q@gmail.com,01087951985,xxnhgc Univ,N,Y,,,,,4
611,Leda,Leda,F,Leda,1991-11-13,m89qxz@gmail.com,01025643602,fyqmdi Univ,D,Y,,,,,5
612,Letta,Letta,M,Letta,1996-04-22,ueoszr@gmail.com,01024490640,fkgqle Univ,D,N,,,,,3
613,Mahala,Mahala,F,Mahala,1985-10-25,4tjiov@gmail.com,01069021907,pnhosy Univ,S,N,,,,,3
614,Marcia,Marcia,F,Marcia,2006-09-11,pb06du@gmail.com,01051884034,noyptz Univ,D,N,,,,,0
615,Margarette,Margarette,M,Margarette,2009-12-05,csu6tm@gmail.com,01028579649,zpmcpi Univ,S,Y,,,,,4
616,Maudie,Maudie,M,Maudie,1977-11-15,mxpfgu@gmail.com,01069814469,lmlnvo Univ,D,N,,,,,5
617,Maye,Maye,F,Maye,1969-10-20,e7eqc8@gmail.com,01064541091,naslvp Univ,D,Y,,,,,5
618,Norah,Norah,F,Norah,1997-10-21,12qnl1@gmail.com,01077279582,tijpnn Univ,N,Y,,,,,0
619,Oda,Oda,F,Oda,2016-02-21,bz5pkc@gmail.com,01057184679,aaoqyk Univ,S,N,,,,,3
620,Patty,Patty,M,Patty,1966-12-15,uj36d2@gmail.com,01088684003,rxrhwu Univ,S,N,,,,,1
